<?xml version="1.0" encoding="utf-8"?>
<!DOCTYPE Grand-Slam>
<Wimbledon>
    <fecha-inicio.final-torneo inicio-y-final="1-06-2022.25-06-2022">
        <partidos>
            <partido-1 inicio="1-06-2022">
                <resultado>
                    juan-vs-paco 6-0 6-3 7-6
                </resultado>
                <jugadores>
                    <juan>
                        <datos-personales>
                            <edad>25</edad>
                            <Ranking>16</Ranking>
                            <DNI>43576823D</DNI>
                        </datos-personales>
                    </juan>
                    <paco>
                        <datos-personales>
                            <edad>21</edad>
                            <Ranking>25</Ranking>
                            <DNI>28421385F</DNI>
                        </datos-personales>
                    </paco>
                </jugadores>
            </partido-1>
            <partido-2 inicio="1-06-2022">
                <resultado>
                    juan-vs-paco 6-0 6-3 7-6
                </resultado>
                <jugadores>
                    <juan>
                        <datos-personales>
                            <edad>25</edad>
                            <Ranking>16</Ranking>
                            <DNI>43576823D</DNI>
                        </datos-personales>
                    </juan>
                    <paco>
                        <datos-personales>
                            <edad>21</edad>
                            <Ranking>25</Ranking>
                            <DNI>28421385F</DNI>
                        </datos-personales>
                    </paco>
                </jugadores>
            </partido-2>
            <partido-3 inicio="3-06-2022">
                <resultado>
                    juan-vs-paco 6-0 6-3 7-6
                </resultado>
                <jugadores>
                    <juan>
                        <datos-personales>
                            <edad>25</edad>
                            <Ranking>16</Ranking>
                            <DNI>43576823D</DNI>
                        </datos-personales>
                    </juan>
                    <paco>
                        <datos-personales>
                            <edad>21</edad>
                            <Ranking>25</Ranking>
                            <DNI>28421385F</DNI>
                        </datos-personales>
                    </paco>
                </jugadores>
            </partido-3>
            <partido-4 inicio="3-06-2022">
                <resultado>
                    juan-vs-paco 6-0 6-3 7-6
                </resultado>
                <jugadores>
                    <juan>
                        <datos-personales>
                            <edad>25</edad>
                            <Ranking>16</Ranking>
                            <DNI>43576823D</DNI>
                        </datos-personales>
                    </juan>
                    <paco>
                        <datos-personales>
                            <edad>21</edad>
                            <Ranking>25</Ranking>
                            <DNI>28421385F</DNI>
                        </datos-personales>
                    </paco>
                </jugadores>
            </partido-4>
            <partido-5 inicio="8-06-2022">
                <resultado>
                    juan-vs-paco 6-0 6-3 7-6
                </resultado>
                <jugadores>
                    <juan>
                        <datos-personales>
                            <edad>25</edad>
                            <Ranking>16</Ranking>
                            <DNI>43576823D</DNI>
                        </datos-personales>
                    </juan>
                    <paco>
                        <datos-personales>
                            <edad>21</edad>
                            <Ranking>25</Ranking>
                            <DNI>28421385F</DNI>
                        </datos-personales>
                    </paco>
                </jugadores>
            </partido-5>
            <partido-6 inicio="12-06-2022">
                <resultado>
                    juan-vs-paco 6-0 6-3 7-6
                </resultado>
                <jugadores>
                    <juan>
                        <datos-personales>
                            <edad>25</edad>
                            <Ranking>16</Ranking>
                            <DNI>43576823D</DNI>
                        </datos-personales>
                    </juan>
                    <paco>
                        <datos-personales>
                            <edad>21</edad>
                            <Ranking>25</Ranking>
                            <DNI>28421385F</DNI>
                        </datos-personales>
                    </paco>
                </jugadores>
            </partido-6>
            <partido-7 inicio="18-06-2022">
                <resultado>
                    juan-vs-paco 6-0 6-3 7-6
                </resultado>
                <jugadores>
                    <juan>
                        <datos-personales>
                            <edad>25</edad>
                            <Ranking>16</Ranking>
                            <DNI>43576823D</DNI>
                        </datos-personales>
                    </juan>
                    <paco>
                        <datos-personales>
                            <edad>21</edad>
                            <Ranking>25</Ranking>
                            <DNI>28421385F</DNI>
                        </datos-personales>
                    </paco>
                </jugadores>
            </partido-7>
            <partido-8 inicio="20-06-2022">
                <resultado>
                    juan-vs-paco 6-0 6-3 7-6
                </resultado>
                <jugadores>
                    <juan>
                        <datos-personales>
                            <edad>25</edad>
                            <Ranking>16</Ranking>
                            <DNI>43576823D</DNI>
                        </datos-personales>
                    </juan>
                    <paco>
                        <datos-personales>
                            <edad>21</edad>
                            <Ranking>25</Ranking>
                            <DNI>28421385F</DNI>
                        </datos-personales>
                    </paco>
                </jugadores>
            </partido-8>
            <partido-9 inicio="23-06-2022">
                <resultado>
                    juan-vs-paco 6-0 6-3 7-6
                </resultado>
                <jugadores>
                    <juan>
                        <datos-personales>
                            <edad>25</edad>
                            <Ranking>16</Ranking>
                            <DNI>43576823D</DNI>
                        </datos-personales>
                    </juan>
                    <paco>
                        <datos-personales>
                            <edad>21</edad>
                            <Ranking>25</Ranking>
                            <DNI>28421385F</DNI>
                        </datos-personales>
                    </paco>
                </jugadores>
            </partido-9>
            <partido-10 inicio="25-06-2022">
                <resultado>
                    juan-vs-paco 6-0 6-3 7-6
                </resultado>
                <jugadores>
                    <juan>
                        <datos-personales>
                            <edad>25</edad>
                            <Ranking>16</Ranking>
                            <DNI>43576823D</DNI>
                        </datos-personales>
                    </juan>
                    <paco>
                        <datos-personales>
                            <edad>21</edad>
                            <Ranking>25</Ranking>
                            <DNI>28421385F</DNI>
                        </datos-personales>
                    </paco>
                </jugadores>
            </partido-10>
        </partidos>
    </fecha-inicio.final-torneo>
</Wimbledon>