<?xml version="1.0" encoding="utf-8"?>
<!DOCTYPE servidores>
<cluster>
    <nodos>
        <nodo-1>
            <nombre-nodo>admin</nombre-nodo>
            <ip-nodo>192.228.17.57</ip-nodo>
                <maquina-virtual-1>
                    <sistema-operativo>windows</sistema-operativo>
                    <interfaces-red>
                        <cable>
                            <ip>192.228.17.57</ip>
                            <mac>00:1B:44:11:3A:B7</mac>
                        </cable>
                        <wifi>
                            <ip>192.228.17.57</ip>
                            <mac>00:1B:44:11:3A:B7</mac>
                        </wifi>
                    </interfaces-red>
                </maquina-virtual-1>
                <maquina-virtual-2>
                    <sistema-operativo>windows</sistema-operativo>
                    <interfaces-red>
                        <cable>
                            <ip>192.228.17.57</ip>
                            <mac>00:1B:44:11:3A:B7</mac>
                        </cable>
                        <wifi>
                            <ip>192.228.17.57</ip>
                            <mac>00:1B:44:11:3A:B7</mac>
                        </wifi>
                    </interfaces-red>
                </maquina-virtual-2>
                <maquina-virtual-3>
                    <sistema-operativo>windows</sistema-operativo>
                    <interfaces-red>
                        <cable>
                            <ip>192.228.17.57</ip>
                            <mac>00:1B:44:11:3A:B7</mac>
                        </cable>
                        <wifi>
                            <ip>192.228.17.57</ip>
                            <mac>00:1B:44:11:3A:B7</mac>
                        </wifi>
                    </interfaces-red>
                </maquina-virtual-3>
        </nodo-1>
        <nodo-2>
            <nombre-nodo>admin</nombre-nodo>
            <ip-nodo>192.228.17.57</ip-nodo>
                <maquina-virtual-1>
                    <sistema-operativo>windows</sistema-operativo>
                    <interfaces-red>
                        <cable>
                            <ip>192.228.17.57</ip>
                            <mac>00:1B:44:11:3A:B7</mac>
                        </cable>
                        <wifi>
                            <ip>192.228.17.57</ip>
                            <mac>00:1B:44:11:3A:B7</mac>
                        </wifi>
                    </interfaces-red>
                </maquina-virtual-1>
                <maquina-virtual-2>
                    <sistema-operativo>windows</sistema-operativo>
                    <interfaces-red>
                        <cable>
                            <ip>192.228.17.57</ip>
                            <mac>00:1B:44:11:3A:B7</mac>
                        </cable>
                        <wifi>
                            <ip>192.228.17.57</ip>
                            <mac>00:1B:44:11:3A:B7</mac>
                        </wifi>
                    </interfaces-red>
                </maquina-virtual-2>
                <maquina-virtual-3>
                    <sistema-operativo>windows</sistema-operativo>
                    <interfaces-red>
                        <cable>
                            <ip>192.228.17.57</ip>
                            <mac>00:1B:44:11:3A:B7</mac>
                        </cable>
                        <wifi>
                            <ip>192.228.17.57</ip>
                            <mac>00:1B:44:11:3A:B7</mac>
                        </wifi>
                    </interfaces-red>
                </maquina-virtual-3>
        </nodo-2>
        <nodo-3>
            <nombre-nodo>admin</nombre-nodo>
            <ip-nodo>192.228.17.57</ip-nodo>
                <maquina-virtual-1>
                    <sistema-operativo>windows</sistema-operativo>
                    <interfaces-red>
                        <cable>
                            <ip>192.228.17.57</ip>
                            <mac>00:1B:44:11:3A:B7</mac>
                        </cable>
                        <wifi>
                            <ip>192.228.17.57</ip>
                            <mac>00:1B:44:11:3A:B7</mac>
                        </wifi>
                    </interfaces-red>
                </maquina-virtual-1>
                <maquina-virtual-2>
                    <sistema-operativo>windows</sistema-operativo>
                    <interfaces-red>
                        <cable>
                            <ip>192.228.17.57</ip>
                            <mac>00:1B:44:11:3A:B7</mac>
                        </cable>
                        <wifi>
                            <ip>192.228.17.57</ip>
                            <mac>00:1B:44:11:3A:B7</mac>
                        </wifi>
                    </interfaces-red>
                </maquina-virtual-2>
                <maquina-virtual-3>
                    <sistema-operativo>windows</sistema-operativo>
                    <interfaces-red>
                        <cable>
                            <ip>192.228.17.57</ip>
                            <mac>00:1B:44:11:3A:B7</mac>
                        </cable>
                        <wifi>
                            <ip>192.228.17.57</ip>
                            <mac>00:1B:44:11:3A:B7</mac>
                        </wifi>
                    </interfaces-red>
                </maquina-virtual-3>
        </nodo-3>
        <nodo-4>
            <nombre-nodo>admin</nombre-nodo>
            <ip-nodo>192.228.17.57</ip-nodo>
                <maquina-virtual-1>
                    <sistema-operativo>windows</sistema-operativo>
                    <interfaces-red>
                        <cable>
                            <ip>192.228.17.57</ip>
                            <mac>00:1B:44:11:3A:B7</mac>
                        </cable>
                        <wifi>
                            <ip>192.228.17.57</ip>
                            <mac>00:1B:44:11:3A:B7</mac>
                        </wifi>
                    </interfaces-red>
                </maquina-virtual-1>
                <maquina-virtual-2>
                    <sistema-operativo>windows</sistema-operativo>
                    <interfaces-red>
                        <cable>
                            <ip>192.228.17.57</ip>
                            <mac>00:1B:44:11:3A:B7</mac>
                        </cable>
                        <wifi>
                            <ip>192.228.17.57</ip>
                            <mac>00:1B:44:11:3A:B7</mac>
                        </wifi>
                    </interfaces-red>
                </maquina-virtual-2>
                <maquina-virtual-3>
                    <sistema-operativo>windows</sistema-operativo>
                    <interfaces-red>
                        <cable>
                            <ip>192.228.17.57</ip>
                            <mac>00:1B:44:11:3A:B7</mac>
                        </cable>
                        <wifi>
                            <ip>192.228.17.57</ip>
                            <mac>00:1B:44:11:3A:B7</mac>
                        </wifi>
                    </interfaces-red>
                </maquina-virtual-3>
        </nodo-4>
        <nodo-5>
            <nombre-nodo>admin</nombre-nodo>
            <ip-nodo>192.228.17.57</ip-nodo>
                <maquina-virtual-1>
                    <sistema-operativo>windows</sistema-operativo>
                    <interfaces-red>
                        <cable>
                            <ip>192.228.17.57</ip>
                            <mac>00:1B:44:11:3A:B7</mac>
                        </cable>
                        <wifi>
                            <ip>192.228.17.57</ip>
                            <mac>00:1B:44:11:3A:B7</mac>
                        </wifi>
                    </interfaces-red>
                </maquina-virtual-1>
                <maquina-virtual-2>
                    <sistema-operativo>windows</sistema-operativo>
                    <interfaces-red>
                        <cable>
                            <ip>192.228.17.57</ip>
                            <mac>00:1B:44:11:3A:B7</mac>
                        </cable>
                        <wifi>
                            <ip>192.228.17.57</ip>
                            <mac>00:1B:44:11:3A:B7</mac>
                        </wifi>
                    </interfaces-red>
                </maquina-virtual-2>
                <maquina-virtual-3>
                    <sistema-operativo>windows</sistema-operativo>
                    <interfaces-red>
                        <cable>
                            <ip>192.228.17.57</ip>
                            <mac>00:1B:44:11:3A:B7</mac>
                        </cable>
                        <wifi>
                            <ip>192.228.17.57</ip>
                            <mac>00:1B:44:11:3A:B7</mac>
                        </wifi>
                    </interfaces-red>
                </maquina-virtual-3>
        </nodo-5>
    </nodos>
</cluster>