<?xml version="1.0" encoding="utf-8"?>
<!DOCTYPE empresa-ropa>
<empresa>
    <edificio-1 direccion="c/maya n27">
        <plantas>
            <planta-numero1 metros-cuadrados="150m2">
                <empleados>
                    <empleado1>
                        <puesto></puesto>
                        <extension></extension>
                        <datos-empleado>
                            <nombre></nombre>
                            <dni></dni>
                            <edad></edad>
                        </datos-empleado>
                    </empleado1>
                    <empleado2>
                        <puesto></puesto>
                        <extension></extension>
                        <datos-empleado>
                            <nombre></nombre>
                            <dni></dni>
                            <edad></edad>
                        </datos-empleado>
                    </empleado2>
                    <empleado3>
                        <puesto></puesto>
                        <extension></extension>
                        <datos-empleado>
                            <nombre></nombre>
                            <dni></dni>
                            <edad></edad>
                        </datos-empleado>
                    </empleado3>
                    <empleado4>
                        <puesto></puesto>
                        <extension></extension>
                        <datos-empleado>
                            <nombre></nombre>
                            <dni></dni>
                            <edad></edad>
                        </datos-empleado>
                    </empleado4>
                    <empleado5>
                        <puesto></puesto>
                        <extension></extension>
                        <datos-empleado>
                            <nombre></nombre>
                            <dni></dni>
                            <edad></edad>
                        </datos-empleado>
                    </empleado5>
                </empleados>
            </planta-numero1>
            <planta-numero2 metros-cuadrados="150m2">
                <empleados>
                    <empleado1>
                        <puesto></puesto>
                        <extension></extension>
                        <datos-empleado>
                            <nombre></nombre>
                            <dni></dni>
                            <edad></edad>
                        </datos-empleado>
                    </empleado1>
                    <empleado2>
                        <puesto></puesto>
                        <extension></extension>
                        <datos-empleado>
                            <nombre></nombre>
                            <dni></dni>
                            <edad></edad>
                        </datos-empleado>
                    </empleado2>
                    <empleado3>
                        <puesto></puesto>
                        <extension></extension>
                        <datos-empleado>
                            <nombre></nombre>
                            <dni></dni>
                            <edad></edad>
                        </datos-empleado>
                    </empleado3>
                    <empleado4>
                        <puesto></puesto>
                        <extension></extension>
                        <datos-empleado>
                            <nombre></nombre>
                            <dni></dni>
                            <edad></edad>
                        </datos-empleado>
                    </empleado4>
                    <empleado5>
                        <puesto></puesto>
                        <extension></extension>
                        <datos-empleado>
                            <nombre></nombre>
                            <dni></dni>
                            <edad></edad>
                        </datos-empleado>
                    </empleado5>
                </empleados>
            </planta-numero2>
            <planta-numero3 metros-cuadrados="150m2">
                <empleados>
                    <empleado1>
                        <puesto></puesto>
                        <extension></extension>
                        <datos-empleado>
                            <nombre></nombre>
                            <dni></dni>
                            <edad></edad>
                        </datos-empleado>
                    </empleado1>
                    <empleado2>
                        <puesto></puesto>
                        <extension></extension>
                        <datos-empleado>
                            <nombre></nombre>
                            <dni></dni>
                            <edad></edad>
                        </datos-empleado>
                    </empleado2>
                    <empleado3>
                        <puesto></puesto>
                        <extension></extension>
                        <datos-empleado>
                            <nombre></nombre>
                            <dni></dni>
                            <edad></edad>
                        </datos-empleado>
                    </empleado3>
                    <empleado4>
                        <puesto></puesto>
                        <extension></extension>
                        <datos-empleado>
                            <nombre></nombre>
                            <dni></dni>
                            <edad></edad>
                        </datos-empleado>
                    </empleado4>
                    <empleado5>
                        <puesto></puesto>
                        <extension></extension>
                        <datos-empleado>
                            <nombre></nombre>
                            <dni></dni>
                            <edad></edad>
                        </datos-empleado>
                    </empleado5>
                </empleados>
            </planta-numero3>
        </plantas>
    </edificio-1>
    <edificio-2 direccion="c/maya n27">
        <plantas>
            <planta-numero1 metros-cuadrados="150m2">
                <empleados>
                    <empleado1>
                        <puesto></puesto>
                        <extension></extension>
                        <datos-empleado>
                            <nombre></nombre>
                            <dni></dni>
                            <edad></edad>
                        </datos-empleado>
                    </empleado1>
                    <empleado2>
                        <puesto></puesto>
                        <extension></extension>
                        <datos-empleado>
                            <nombre></nombre>
                            <dni></dni>
                            <edad></edad>
                        </datos-empleado>
                    </empleado2>
                    <empleado3>
                        <puesto></puesto>
                        <extension></extension>
                        <datos-empleado>
                            <nombre></nombre>
                            <dni></dni>
                            <edad></edad>
                        </datos-empleado>
                    </empleado3>
                    <empleado4>
                        <puesto></puesto>
                        <extension></extension>
                        <datos-empleado>
                            <nombre></nombre>
                            <dni></dni>
                            <edad></edad>
                        </datos-empleado>
                    </empleado4>
                    <empleado5>
                        <puesto></puesto>
                        <extension></extension>
                        <datos-empleado>
                            <nombre></nombre>
                            <dni></dni>
                            <edad></edad>
                        </datos-empleado>
                    </empleado5>
                </empleados>
            </planta-numero1>
            <planta-numero2 metros-cuadrados="150m2">
                <empleados>
                    <empleado1>
                        <puesto></puesto>
                        <extension></extension>
                        <datos-empleado>
                            <nombre></nombre>
                            <dni></dni>
                            <edad></edad>
                        </datos-empleado>
                    </empleado1>
                    <empleado2>
                        <puesto></puesto>
                        <extension></extension>
                        <datos-empleado>
                            <nombre></nombre>
                            <dni></dni>
                            <edad></edad>
                        </datos-empleado>
                    </empleado2>
                    <empleado3>
                        <puesto></puesto>
                        <extension></extension>
                        <datos-empleado>
                            <nombre></nombre>
                            <dni></dni>
                            <edad></edad>
                        </datos-empleado>
                    </empleado3>
                    <empleado4>
                        <puesto></puesto>
                        <extension></extension>
                        <datos-empleado>
                            <nombre></nombre>
                            <dni></dni>
                            <edad></edad>
                        </datos-empleado>
                    </empleado4>
                    <empleado5>
                        <puesto></puesto>
                        <extension></extension>
                        <datos-empleado>
                            <nombre></nombre>
                            <dni></dni>
                            <edad></edad>
                        </datos-empleado>
                    </empleado5>
                </empleados>
            </planta-numero2>
            <planta-numero3 metros-cuadrados="150m2">
                <empleados>
                    <empleado1>
                        <puesto></puesto>
                        <extension></extension>
                        <datos-empleado>
                            <nombre></nombre>
                            <dni></dni>
                            <edad></edad>
                        </datos-empleado>
                    </empleado1>
                    <empleado2>
                        <puesto></puesto>
                        <extension></extension>
                        <datos-empleado>
                            <nombre></nombre>
                            <dni></dni>
                            <edad></edad>
                        </datos-empleado>
                    </empleado2>
                    <empleado3>
                        <puesto></puesto>
                        <extension></extension>
                        <datos-empleado>
                            <nombre></nombre>
                            <dni></dni>
                            <edad></edad>
                        </datos-empleado>
                    </empleado3>
                    <empleado4>
                        <puesto></puesto>
                        <extension></extension>
                        <datos-empleado>
                            <nombre></nombre>
                            <dni></dni>
                            <edad></edad>
                        </datos-empleado>
                    </empleado4>
                    <empleado5>
                        <puesto></puesto>
                        <extension></extension>
                        <datos-empleado>
                            <nombre></nombre>
                            <dni></dni>
                            <edad></edad>
                        </datos-empleado>
                    </empleado5>
                </empleados>
            </planta-numero3>
        </plantas>
    </edificio-2>
    <edificio-3 direccion="c/maya n27">
        <plantas>
            <planta-numero1 metros-cuadrados="150m2">
                <empleados>
                    <empleado1>
                        <puesto></puesto>
                        <extension></extension>
                        <datos-empleado>
                            <nombre></nombre>
                            <dni></dni>
                            <edad></edad>
                        </datos-empleado>
                    </empleado1>
                    <empleado2>
                        <puesto></puesto>
                        <extension></extension>
                        <datos-empleado>
                            <nombre></nombre>
                            <dni></dni>
                            <edad></edad>
                        </datos-empleado>
                    </empleado2>
                    <empleado3>
                        <puesto></puesto>
                        <extension></extension>
                        <datos-empleado>
                            <nombre></nombre>
                            <dni></dni>
                            <edad></edad>
                        </datos-empleado>
                    </empleado3>
                    <empleado4>
                        <puesto></puesto>
                        <extension></extension>
                        <datos-empleado>
                            <nombre></nombre>
                            <dni></dni>
                            <edad></edad>
                        </datos-empleado>
                    </empleado4>
                    <empleado5>
                        <puesto></puesto>
                        <extension></extension>
                        <datos-empleado>
                            <nombre></nombre>
                            <dni></dni>
                            <edad></edad>
                        </datos-empleado>
                    </empleado5>
                </empleados>
            </planta-numero1>
            <planta-numero2 metros-cuadrados="150m2">
                <empleados>
                    <empleado1>
                        <puesto></puesto>
                        <extension></extension>
                        <datos-empleado>
                            <nombre></nombre>
                            <dni></dni>
                            <edad></edad>
                        </datos-empleado>
                    </empleado1>
                    <empleado2>
                        <puesto></puesto>
                        <extension></extension>
                        <datos-empleado>
                            <nombre></nombre>
                            <dni></dni>
                            <edad></edad>
                        </datos-empleado>
                    </empleado2>
                    <empleado3>
                        <puesto></puesto>
                        <extension></extension>
                        <datos-empleado>
                            <nombre></nombre>
                            <dni></dni>
                            <edad></edad>
                        </datos-empleado>
                    </empleado3>
                    <empleado4>
                        <puesto></puesto>
                        <extension></extension>
                        <datos-empleado>
                            <nombre></nombre>
                            <dni></dni>
                            <edad></edad>
                        </datos-empleado>
                    </empleado4>
                    <empleado5>
                        <puesto></puesto>
                        <extension></extension>
                        <datos-empleado>
                            <nombre></nombre>
                            <dni></dni>
                            <edad></edad>
                        </datos-empleado>
                    </empleado5>
                </empleados>
            </planta-numero2>
            <planta-numero3 metros-cuadrados="150m2">
                <empleados>
                    <empleado1>
                        <puesto></puesto>
                        <extension></extension>
                        <datos-empleado>
                            <nombre></nombre>
                            <dni></dni>
                            <edad></edad>
                        </datos-empleado>
                    </empleado1>
                    <empleado2>
                        <puesto></puesto>
                        <extension></extension>
                        <datos-empleado>
                            <nombre></nombre>
                            <dni></dni>
                            <edad></edad>
                        </datos-empleado>
                    </empleado2>
                    <empleado3>
                        <puesto></puesto>
                        <extension></extension>
                        <datos-empleado>
                            <nombre></nombre>
                            <dni></dni>
                            <edad></edad>
                        </datos-empleado>
                    </empleado3>
                    <empleado4>
                        <puesto></puesto>
                        <extension></extension>
                        <datos-empleado>
                            <nombre></nombre>
                            <dni></dni>
                            <edad></edad>
                        </datos-empleado>
                    </empleado4>
                    <empleado5>
                        <puesto></puesto>
                        <extension></extension>
                        <datos-empleado>
                            <nombre></nombre>
                            <dni></dni>
                            <edad></edad>
                        </datos-empleado>
                    </empleado5>
                </empleados>
            </planta-numero3>
        </plantas>
    </edificio-3>
    
</empresa>